{"turbidity":48,"rayleigh":2,"luminance":1,"mieCoefficient":0.005,"mieDirectionalG":0.8,"inclination":-0.2600000000000002,"azimuth":0.029999999999999902}